{"stat.beaconInteraction":14,"stat.craftItem.minecraft.diamond_hoe":1,"stat.leaveGame":69,"stat.useItem.minecraft.bookshelf":89,"stat.drop.minecraft.redstone":2,"stat.mineBlock.minecraft.sandstone":10,"stat.useItem.minecraft.planks":3,"stat.pickup.minecraft.porkchop":49,"stat.mineBlock.minecraft.white_shulker_box":4,"stat.useItem.minecraft.water_bucket":643,"stat.mineBlock.minecraft.red_mushroom":8,"stat.useItem.minecraft.diamond_hoe":53,"stat.pickup.minecraft.sand":1126,"stat.craftItem.minecraft.stone_axe":1,"stat.useItem.minecraft.birch_boat":5,"stat.useItem.minecraft.rail":73,"stat.useItem.minecraft.anvil":10,"stat.craftItem.minecraft.iron_shovel":1,"stat.pickup.minecraft.brown_mushroom":47,"stat.mineBlock.minecraft.sand":56,"stat.hopperInspected":20,"stat.useItem.minecraft.iron_pickaxe":253,"stat.useItem.minecraft.iron_shovel":255,"stat.breakItem.minecraft.flint_and_steel":1,"stat.pickup.minecraft.double_plant":21,"stat.craftItem.minecraft.bed":1,"stat.furnaceInteraction":49,"stat.pickup.minecraft.wooden_button":8,"stat.useItem.minecraft.minecart":15,"stat.useItem.minecraft.redstone":66,"stat.drop.minecraft.wooden_button":1,"stat.useItem.minecraft.trapdoor":4,"stat.pickup.minecraft.iron_chestplate":1,"stat.useItem.minecraft.dark_oak_door":4,"stat.useItem.minecraft.ice":410,"stat.useItem.minecraft.flint_and_steel":257,"stat.useItem.minecraft.wheat_seeds":65,"stat.useItem.minecraft.wooden_button":54,"stat.useItem.minecraft.lingering_potion":24,"stat.useItem.minecraft.hopper":96,"stat.pickup.minecraft.lever":1,"stat.deaths":2,"stat.pickup.minecraft.egg":13,"stat.playOneMinute":968399,"stat.craftItem.minecraft.iron_pickaxe":1,"stat.pickup.minecraft.diamond_block":17,"stat.pickup.minecraft.beacon":2,"stat.mineBlock.minecraft.tallgrass":85,"stat.chestOpened":95,"stat.pickup.minecraft.pumpkin":12,"stat.useItem.minecraft.stone":905,"stat.useItem.minecraft.sponge":226,"stat.pickup.minecraft.iron_sword":2,"stat.drop.minecraft.flint":1,"stat.useItem.minecraft.white_shulker_box":19,"stat.craftItem.minecraft.coal":15,"stat.mineBlock.minecraft.gold_block":9,"stat.pickup.minecraft.cooked_chicken":4,"stat.fallOneCm":319803,"stat.crouchOneCm":6443,"stat.craftItem.minecraft.diamond":162,"stat.pickup.minecraft.rail":1,"stat.craftItem.minecraft.iron_ingot":216,"stat.craftItem.minecraft.chest":4,"stat.pickup.minecraft.red_mushroom":18,"stat.craftingTableInteraction":46,"stat.dropperInspected":2,"stat.pickup.minecraft.repeater":3,"stat.useItem.minecraft.golden_rail":578,"stat.pickup.minecraft.feather":27,"stat.useItem.minecraft.furnace":10,"stat.useItem.minecraft.reeds":588,"stat.pickup.minecraft.birch_boat":4,"stat.pickup.minecraft.dye":11,"stat.pickup.minecraft.planks":15,"stat.pickup.minecraft.iron_leggings":1,"stat.drop.minecraft.minecart":1,"stat.pickup.minecraft.wheat_seeds":53,"stat.mineBlock.minecraft.gravel":27,"stat.useItem.minecraft.stone_pickaxe":261,"stat.craftItem.minecraft.iron_leggings":1,"stat.useItem.minecraft.enchanting_table":1,"stat.mineBlock.minecraft.beacon":2,"stat.useItem.minecraft.wool":95,"stat.pickup.minecraft.ice":1,"stat.mineBlock.minecraft.dirt":356,"stat.drop.minecraft.reeds":14,"stat.drop.minecraft.stick":5,"stat.pickup.minecraft.flint_and_steel":2,"stat.useItem.minecraft.torch":404,"stat.pickup.minecraft.crafting_table":1,"stat.useItem.minecraft.cobblestone":21,"stat.craftItem.minecraft.crafting_table":5,"stat.useItem.minecraft.gravel":2,"stat.mineBlock.minecraft.double_plant":8,"stat.craftItem.minecraft.boat":3,"stat.minecartOneCm":549245,"stat.pickup.minecraft.log":85,"stat.craftItem.minecraft.gold_ingot":33,"stat.drop.minecraft.sapling":4,"stat.pickup.minecraft.chicken":18,"stat.pickup.minecraft.sapling":53,"stat.pickup.minecraft.apple":3,"stat.useItem.minecraft.birch_door":10,"stat.craftItem.minecraft.bucket":1,"stat.craftItem.minecraft.planks":208,"stat.useItem.minecraft.iron_sword":246,"stat.useItem.minecraft.daylight_detector":21,"stat.mineBlock.minecraft.log":55,"stat.craftItem.minecraft.cooked_chicken":9,"stat.useItem.minecraft.monster_egg":365,"stat.pickup.minecraft.red_flower":5,"stat.sneakTime":9101,"stat.pickup.minecraft.wool":12,"stat.pickup.minecraft.yellow_flower":3,"stat.pickup.minecraft.golden_rail":14,"stat.pickup.minecraft.redstone_torch":45,"stat.useItem.minecraft.repeater":19,"stat.mineBlock.minecraft.cobblestone":3,"stat.mineBlock.minecraft.pumpkin":6,"stat.useItem.minecraft.beacon":7,"stat.pickup.minecraft.flint":13,"stat.mineBlock.minecraft.yellow_flower":3,"stat.drop.minecraft.beacon":1,"stat.mineBlock.minecraft.brown_mushroom":27,"stat.swimOneCm":204727,"stat.climbOneCm":11995,"stat.breakItem.minecraft.iron_pickaxe":1,"stat.useItem.minecraft.redstone_torch":209,"stat.pickup.minecraft.sticky_piston":1,"stat.useItem.minecraft.obsidian":7,"stat.useItem.minecraft.dirt":1739,"stat.pickup.minecraft.iron_boots":1,"stat.craftItem.minecraft.furnace":3,"stat.drop.minecraft.daylight_detector":1,"stat.craftItem.minecraft.iron_boots":1,"stat.useItem.minecraft.iron_ore":2,"stat.craftItem.minecraft.trapdoor":2,"stat.craftItem.minecraft.stone_pickaxe":2,"stat.mineBlock.minecraft.obsidian":8,"stat.pickup.minecraft.shears":1,"stat.pickup.minecraft.cobblestone":960,"stat.pickup.minecraft.gold_block":9,"stat.pickup.minecraft.diamond_hoe":2,"stat.flyOneCm":1481951,"stat.pickup.minecraft.sandstone":562,"stat.drop.minecraft.wheat_seeds":1,"stat.pickup.minecraft.redstone":250,"stat.mineBlock.minecraft.iron_ore":223,"stat.timeSinceDeath":357039,"stat.drop.minecraft.log":1,"stat.pickup.minecraft.mutton":10,"stat.killEntity.Bat":3,"stat.useItem.minecraft.lever":8,"stat.killEntity.Wolf":13,"stat.mineBlock.minecraft.coal_ore":472,"stat.mineBlock.minecraft.red_mushroom_block":14,"stat.killEntity.Squid":3,"stat.useItem.minecraft.dropper":1,"stat.sprintOneCm":856998,"stat.useItem.minecraft.diamond_block":261,"stat.craftItem.minecraft.stick":36,"stat.useItem.minecraft.bed":16,"stat.mineBlock.minecraft.diamond_ore":12,"stat.mineBlock.minecraft.crafting_table":1,"stat.useItem.minecraft.diamond_pickaxe":829,"stat.useItem.minecraft.bucket":108,"stat.mineBlock.minecraft.planks":2,"stat.drop":24,"stat.pickup.minecraft.stone_button":1,"stat.killEntity.Sheep":8,"stat.breakItem.minecraft.iron_shovel":1,"stat.useItem.minecraft.ladder":30,"stat.craftItem.minecraft.diamond_pickaxe":1,"stat.mineBlock.minecraft.gold_ore":33,"stat.diveOneCm":217278,"stat.pickup.minecraft.wheat":22,"stat.useItem.minecraft.sticky_piston":21,"stat.pickup.minecraft.gravel":104,"stat.pickup.minecraft.stone_axe":2,"stat.pickup.minecraft.obsidian":8,"stat.useItem.minecraft.potion":1,"stat.jump":11349,"stat.useItem.minecraft.sand":602,"stat.pickup.minecraft.coal":579,"stat.pickup.minecraft.iron_helmet":1,"stat.pickup.minecraft.white_shulker_box":4,"stat.pickup.minecraft.iron_ingot":55,"stat.craftItem.minecraft.birch_boat":1,"stat.useItem.minecraft.stone_axe":86,"stat.useItem.minecraft.piston":76,"stat.craftItem.minecraft.torch":60,"stat.pickup.minecraft.dirt":804,"stat.craftItem.minecraft.iron_helmet":1,"stat.useItem.minecraft.stone_button":1,"stat.pickup.minecraft.iron_ore":225,"stat.useItem.minecraft.dispenser":3,"stat.boatOneCm":2404858,"stat.pickup.minecraft.gold_ore":33,"stat.useItem.minecraft.redstone_lamp":29,"stat.damageTaken":10499,"stat.mineBlock.minecraft.torch":7,"stat.mineBlock.minecraft.red_flower":3,"stat.useItem.minecraft.gold_block":20,"stat.dispenserInspected":5,"stat.pickup.minecraft.reeds":900,"stat.damageDealt":4332,"stat.craftItem.minecraft.glass":5,"stat.sleepInBed":8,"stat.useItem.minecraft.crafting_table":16,"stat.pickup.minecraft.minecart":5,"stat.killEntity.Pig":18,"stat.craftItem.minecraft.iron_sword":1,"stat.useItem.minecraft.command_block":3,"stat.pickup.minecraft.boat":24,"stat.walkOneCm":1594809,"stat.useItem.minecraft.chest":95,"stat.pickup.minecraft.stick":4,"stat.pickup.minecraft.diamond_pickaxe":2,"stat.useItem.minecraft.observer":51,"stat.pickup.minecraft.clay_ball":20,"stat.useItem.minecraft.tnt":900,"stat.breakItem.minecraft.stone_pickaxe":2,"stat.pickup.minecraft.tnt":127,"stat.pickup.minecraft.stone":157,"stat.shulkerBoxOpened":9,"stat.craftItem.minecraft.iron_chestplate":1,"stat.craftItem.minecraft.minecart":1,"stat.pickup.minecraft.ladder":13,"stat.pickup.minecraft.gold_ingot":32,"stat.mineBlock.minecraft.tnt":15,"stat.drop.minecraft.lever":1,"stat.killEntity.Chicken":21,"stat.mobKills":66,"stat.craftItem.minecraft.shears":1,"stat.useItem.minecraft.boat":29,"stat.pickup.minecraft.water_bucket":2,"stat.pickup.minecraft.diamond":25,"stat.mineBlock.minecraft.leaves":101,"stat.pickup.minecraft.torch":46,"stat.mineBlock.minecraft.redstone_ore":20,"stat.mineBlock.minecraft.stone":472,"stat.useItem.minecraft.sandstone":127}